gender,years_experience,interview_score,previous_salary,job_title_keywords,fair_hired
Male,11.025267927331479,82.69599285794233,51694.94395788197,Senior Engineer,1
Female,9.684533590180557,70.78143062969647,41259.31150220452,Engineer,0
Male,12.851271514558151,93.90198411124787,64985.53992386768,Senior Engineer,1
Male,8.269289033012791,95.35249334723753,44272.94234764564,Manager,1
Male,7.304755985954927,66.53812137761906,39098.197910156494,Manager,0
Female,2.966853890743682,61.97175556049157,18933.89571689458,Senior Engineer,0
Male,6.039300378938074,70.03470744909922,31818.20294476471,Manager,0
Male,15.494376297563061,78.49976065593101,74808.25399673078,Manager,1
Male,13.538320362163862,84.16562030209639,71889.92113297526,Engineer,1
Female,5.554040917594725,56.14012057601002,20982.61688876395,Manager,0
Male,4.860596412727368,75.78140186874687,19799.625151074437,Engineer,0
Male,14.061617122496239,74.96042627918501,65487.085255364975,Senior Engineer,0
Male,9.656380464242146,87.07267329398944,53682.18261690728,Engineer,1
Male,13.713448935920386,85.6934433703625,73281.18725030232,Senior Engineer,1
Female,1.8592670519541814,74.914294527202,11732.86144499588,Senior Engineer,0
Male,8.201874931138681,86.76820872139398,46369.02398175239,Senior Engineer,1
Female,8.557112463988991,71.9548173155329,38389.14840788501,Senior Engineer,0
Female,7.1568599319952,69.01154798760695,37527.275259280905,Senior Engineer,0
Female,7.9881430574174495,74.35975389500047,39314.84314517142,Engineer,0
Male,11.868549797042496,98.40461051790348,63577.15950463705,Senior Engineer,1
Female,0.7345679997744687,76.82069490062631,3096.718836111356,Manager,0
Male,9.572861544936119,93.29732417879174,45939.59328263019,Manager,1
Female,4.0319604834735925,67.77525103221734,22864.34501017291,Senior Engineer,0
Female,4.247500950634858,90.46862195719558,25618.35058913046,Manager,0
Female,8.984582425547174,63.250659812094476,41581.18615350186,Engineer,0
Female,6.668690028201979,65.9692401093497,33038.071784248015,Engineer,0
Female,6.367663316244823,89.91553302204734,26546.11341301585,Senior Engineer,1
Female,11.495007034703253,61.679386951501435,44984.73008605157,Senior Engineer,0
Female,3.069445308859571,64.4988471706346,16349.524701366498,Senior Engineer,0
Female,7.783520384243712,68.5297457656915,41962.12870249172,Manager,0
Male,14.653455926567569,90.51476275239523,74577.61367827147,Manager,1
Male,10.347023902878576,88.40589216400497,41987.310925621045,Engineer,1
Female,9.585405279237595,57.07374652847737,46172.7792458056,Manager,0
Female,6.523507268868871,64.67831436872811,21525.797544088946,Engineer,0
Female,6.614888237148898,63.92645566787789,39922.94672401542,Manager,0
Male,15.266022527329614,96.69589992427774,70899.83972605765,Engineer,1
Female,3.905141811371344,74.25843658629829,25802.727104156198,Senior Engineer,0
Male,12.914712852863065,84.56523050186138,69302.91248273605,Manager,1
Male,11.936127848755444,69.68892497444278,55177.68748109691,Engineer,0
Male,14.105894672597046,90.14254756017834,64865.5486066465,Manager,1
Male,7.105229618259687,90.72057441714144,37277.99917323013,Senior Engineer,1
Male,12.058154379995319,84.37808983000689,56069.15171406124,Engineer,1
Female,4.336239129242684,74.44198327290673,22193.618857004458,Manager,0
Female,4.169560100333238,81.01322957735762,18433.6625476316,Manager,0
Female,5.922220093427303,74.66545311450128,20705.308394808344,Senior Engineer,0
Female,7.44721163761789,83.46225756202747,26083.718092467156,Senior Engineer,1
Female,7.581420465079236,75.22250636017779,39040.52356786917,Engineer,1
Male,12.152626767387886,83.25645742097164,57955.3451052863,Manager,1
Female,4.498634858640766,92.72434720446881,19727.72520863317,Manager,0
Female,5.847739851464899,78.89037122279892,32718.018452793425,Senior Engineer,1
Male,14.885846636713875,83.68527404328333,80296.4445667316,Senior Engineer,1
Female,9.822036728059977,57.23695583461664,47747.46003349085,Engineer,0
Male,4.889852681934536,80.63235762761782,22746.269875123373,Manager,0
Female,7.204633358149453,72.92715482141854,38523.88195631668,Manager,0
Male,11.152196346817922,100.0,48976.30388559173,Engineer,1
Female,8.520421572455975,63.858774349916835,43717.87313601836,Engineer,0
Female,5.543064676111121,71.4098269961206,30474.753239666374,Senior Engineer,0
Male,9.732639881461635,91.89707805245195,52064.35044939632,Senior Engineer,1
Male,6.08659149848544,79.97025229448657,20749.193979914875,Engineer,1
Male,12.009017646490115,87.6348721533106,56238.31188340587,Engineer,1
Male,11.099794738290544,87.94224129013493,51107.65742733539,Manager,1
Male,7.180360641017934,82.65592199683678,36401.23797713574,Engineer,1
Male,8.45839924798992,77.16234334413603,44695.71913878952,Engineer,1
Male,6.822359434333145,78.0945894768374,41595.34920889563,Manager,1
Male,9.811962708180484,75.83808084518758,46584.98613906205,Engineer,1
Female,10.106644833905714,57.44864628026605,48045.3616779825,Senior Engineer,0
Female,5.722259538465705,68.7234531848181,34359.65778672226,Senior Engineer,0
Male,11.512139546553533,77.84240010889248,59043.58242541919,Manager,1
Female,6.696528936894632,40.705513099977324,39820.90224041303,Engineer,0
Female,0.0,90.52972024501663,1443.6400150491816,Senior Engineer,0
Female,7.260024863313598,80.88769654216672,30514.541223001637,Senior Engineer,1
Female,6.143475154648334,66.23699275075003,24051.733999352633,Senior Engineer,0
Male,8.339052083958453,89.99685110302934,33937.69917449762,Senior Engineer,1
Female,7.0195440538098755,58.28345652682438,38407.979442841744,Engineer,0
Male,15.894175398749168,85.75955267916088,85413.86110918089,Engineer,1
Female,1.327105291131903,88.97288694773111,15882.337162591419,Engineer,0
Female,4.372930228141924,71.56693728246525,26080.177802325823,Engineer,0
Female,2.4484386373720994,80.23530644185345,18056.386074535425,Senior Engineer,0
Male,9.663015850927511,93.69156064389273,45414.99759136914,Manager,1
Female,6.765735213261829,56.63274561124069,28046.596982589865,Manager,0
Male,11.842500100130275,77.36713895821418,63462.897162739144,Senior Engineer,1
Female,6.184014589468943,71.31927966771957,33008.47670854172,Senior Engineer,0
Male,8.408496557168418,91.83328992811069,42579.70465754655,Manager,1
Female,6.333808004660423,67.81346722564965,33605.89742646706,Manager,0
Male,9.174844908545069,95.72978047766011,47490.15195501637,Senior Engineer,1
Male,3.094236505793246,100.0,21890.26682823404,Senior Engineer,0
Female,4.597948499981247,70.52258490497483,29464.670423991014,Engineer,0
Male,14.100622802333575,71.18955396846225,73224.21577336961,Engineer,0
Female,2.64530506075328,62.82983850872064,17455.53966658104,Manager,0
Female,6.944841301531577,57.15415734300031,37294.51926978177,Senior Engineer,0
Female,4.637155554176656,79.778155496862,20879.92911071018,Manager,0
Female,6.2585973317210835,48.943530581596754,35075.81003317112,Engineer,0
Female,2.3375234665936997,81.53590343316925,4715.141988672191,Engineer,0
Female,3.687625099029769,83.86349397262843,23707.583256628262,Manager,0
Female,7.167144073483314,66.97819413017379,29863.105668586395,Engineer,0
Female,3.881500543724699,43.96862912172701,20836.51915259716,Senior Engineer,0
Female,10.180891553700215,66.38689438032709,46678.68797637028,Manager,0
Female,3.801091443156193,69.35815838711181,21772.4021311531,Senior Engineer,0
Female,5.674054177255658,59.89401780071087,28200.644756638743,Senior Engineer,0
Male,5.733238871206978,93.59587886979801,20692.414565218227,Engineer,1
Male,8.06028134727242,81.12869350210485,42404.90489145449,Senior Engineer,1
Female,0.0,76.64927162301741,-2889.603884163553,Manager,0
Female,0.42303105628971593,60.754358856219,6520.888885515425,Senior Engineer,0
Female,8.787752310281547,54.02400830404568,43945.38999507977,Senior Engineer,0
Female,3.3444255623226598,66.72982682390229,18699.23273855349,Senior Engineer,0
Female,12.674597857004757,67.86543220649561,58585.14450994773,Senior Engineer,0
Female,3.307257204027834,74.96199187363317,13589.624863002362,Senior Engineer,0
Female,5.553653909591111,64.64683287432341,25475.07636745013,Engineer,0
Female,9.626329857703627,75.11499575361862,52415.161689730914,Manager,1
Male,11.616730131053977,93.13205186747977,66470.53609429733,Engineer,1
Female,11.184510729909194,78.15501022444262,51896.69489083158,Manager,1
Male,9.428983965749175,82.20239831504166,52529.16055203428,Manager,1
Female,8.072187577434388,68.16849528946705,29512.550798543427,Manager,0
Female,6.7775808476035495,66.43326865820129,27916.957232556302,Manager,0
Male,12.778532642594925,90.70612997219531,59098.77093204075,Manager,1
Female,3.3464428510144,63.72686554048697,9969.670807868388,Senior Engineer,0
Male,5.804297278542577,81.68691616816677,21103.544443774983,Engineer,1
Female,4.989876627767144,70.51197901881085,27014.377699524706,Engineer,0
Female,4.489446132425215,64.98215807188468,21376.89217348677,Senior Engineer,0
Male,8.538623848705912,76.74589470021044,44590.14623155511,Manager,1
Female,7.089162342370146,73.22974503617668,38898.17514245829,Engineer,0
Male,7.408027690960552,97.44679580736786,38368.223420665425,Senior Engineer,1
Female,5.265220658875542,75.0024046943657,29614.91917512958,Senior Engineer,1
Male,7.507149650766887,71.7754204325643,37188.08682262309,Engineer,0
Male,10.811370477339516,89.81866061718492,48121.88544516886,Engineer,1
Female,4.419021622160845,61.23226218788155,27384.179014908208,Manager,0
Female,2.849533038191585,87.12040284017893,11302.10452705229,Manager,0
Male,7.277309013875207,82.45044206446302,31708.563575563905,Engineer,1
Female,4.751957942471902,74.3477006455689,22870.200333337518,Manager,0
Female,4.634757474850149,74.75430682526624,18609.73277776818,Senior Engineer,0
Female,9.540349229726393,62.04442932059118,45614.594238684804,Manager,0
Male,7.067334265604346,62.80699627252465,37056.94093583906,Manager,0
Male,10.297996916287678,82.70200369424806,53231.69327766902,Senior Engineer,1
Male,12.254161370115368,76.48593565739687,56781.65651844869,Manager,1
Male,4.991784156635885,86.75211418908512,22520.3939184357,Senior Engineer,0
Male,11.630080577139806,100.0,63522.06790955024,Manager,1
Male,8.01212872316246,88.67481665474304,42542.64420448201,Engineer,1
Male,11.711796005779478,81.86470313827603,68934.3052256401,Manager,1
Male,7.71022253037245,94.21801501977252,44451.75352056989,Engineer,1
Male,4.585353698006443,89.82687887209212,28648.233832831913,Engineer,0
Female,10.653758917803827,68.02062271015318,46329.45183674013,Engineer,0
Male,10.144254839984146,91.06850593215671,54540.575958087844,Engineer,1
Female,3.5334517346411776,51.68317752793974,17401.724664721336,Engineer,0
Female,1.6411477001329664,59.48690088360655,5450.829482973585,Senior Engineer,0
Female,5.4226587407336115,84.97431683179626,27953.370406330698,Senior Engineer,1
Male,5.015439813193121,75.73618870018461,29803.25673902302,Senior Engineer,1
Male,9.80176060405805,90.55512646342248,51512.9609753113,Engineer,1
Male,6.3669514007126295,75.81313488513905,27442.38799685285,Manager,1
Male,8.044491676593523,80.82633186394915,43934.75295093072,Senior Engineer,1
Female,0.21589079819961388,85.94442391749197,-2108.4837193817502,Manager,0
Male,7.418759904148143,94.7581671934471,38177.21511556215,Manager,1
Male,8.846333367310525,94.18454443942414,42714.916499166946,Engineer,1
Male,13.018878427643322,72.54282623553615,64000.06087953849,Engineer,0
Male,8.269324391430555,85.5493411099985,45177.83683235532,Engineer,1
Male,12.507076336195425,77.90420145250827,57334.413081897634,Senior Engineer,1
Female,10.316754790009233,84.51001438131337,61309.74932143083,Engineer,1
Male,11.589412533745849,82.8298294957563,48841.632322256766,Senior Engineer,1
Female,3.6287112302411844,59.226239230152416,15155.217734931635,Senior Engineer,0
Male,2.585066499618132,100.0,14776.391947799366,Senior Engineer,0
Female,6.406322768225071,73.13132140013155,34953.184673301905,Senior Engineer,0
Male,11.73121638154162,71.22382499245762,58153.70330484957,Engineer,0
Male,9.390863841871022,79.35225995829057,46667.3656943474,Senior Engineer,1
Female,7.298240835154071,58.88419750486449,38543.95460240844,Engineer,0
Female,8.680799671652924,69.64174421293536,42248.65097097622,Engineer,0
Female,4.699537770560141,64.68545448640785,30463.595142475235,Senior Engineer,0
Male,9.532968293823762,66.20075614860954,51861.58704027682,Engineer,0
Female,2.3660522397303168,73.4670997760492,16194.382953679757,Manager,0
Male,10.763262529903638,88.89614177370903,48985.529032666105,Engineer,1
Male,11.012807986225607,76.31707268123634,54667.09780909952,Engineer,1
Female,6.1020965204485345,69.67719388950529,29008.152858639154,Senior Engineer,0
Female,7.740753878699748,76.40542935074774,33675.762515051414,Senior Engineer,1
Male,8.702325436541138,85.0337550659716,45312.44810243452,Engineer,1
Male,11.18335642713489,88.27821172843085,53228.55334677537,Senior Engineer,1
Female,4.1866291968722935,57.007836365541756,24210.165133612652,Manager,0
Female,4.935898116954691,72.32786742940164,19328.532770301797,Manager,0
Female,2.75836496255653,62.43236022984074,22387.027876991757,Senior Engineer,0
Male,12.613374110295076,75.74575373940412,58585.207258515074,Engineer,1
Male,9.021929403496477,87.55383755674318,46206.158703484565,Manager,1
Male,13.603641766491835,76.04653677636976,71977.50538439951,Manager,1
Male,8.775773880935345,80.91899160839779,41025.66725367616,Engineer,1
Male,3.8856263944664384,75.04184605209771,23690.475189496945,Senior Engineer,0
Male,6.975741067247788,91.51136241823657,28732.78734723686,Manager,1
Female,0.3123624293403715,72.24339656778082,8822.400642614659,Engineer,0
Male,8.945459547876073,82.65379430042586,44798.044064209156,Engineer,1
Male,10.055255137568656,85.38237994960028,47294.21864799888,Manager,1
Male,15.029311936825849,70.51408585366455,73650.65082199207,Senior Engineer,0
Female,5.880673796499888,73.20785725932684,33447.96532946304,Manager,0
Male,9.342698413573407,84.49795382958256,43791.215608614846,Engineer,1
Male,12.488216743550467,100.0,58694.295270638446,Manager,1
Female,4.89307555310755,72.86955854301709,23357.694777619057,Senior Engineer,0
Male,10.706843674325699,99.64177238752437,47649.407807778654,Engineer,1
Male,12.3125955816609,94.96858773465809,70665.69744801358,Senior Engineer,1
Male,5.564241262660476,87.80636404490136,24989.23335722876,Manager,1
Male,13.431262129620787,100.0,71314.39457900597,Manager,1
Male,11.015489222483243,88.72105472606863,56124.796530655076,Senior Engineer,1
Female,8.445912048286147,83.31339061988403,37306.8899890209,Manager,1
Female,1.9525345430648091,89.20367502144262,9732.8991692604,Senior Engineer,0
Female,5.185039549543915,57.77104980444436,29845.211644273317,Manager,0
Male,10.545598765175486,95.96469233810883,51786.6871504459,Senior Engineer,1
Male,10.744661758901008,78.74322712503788,59688.87352376018,Senior Engineer,1
Male,8.621917301379268,71.80752805401232,48217.16347080566,Engineer,0
Female,3.898916482750033,60.81873016583425,24089.156687041814,Engineer,0
Male,12.491007449632736,76.99961435602353,60156.75338679869,Senior Engineer,1
Male,7.4317485222733985,84.36475425384644,31759.530372459558,Manager,1
Female,1.7835829640431795,80.68379333694017,5849.9767934019255,Manager,0
Male,8.56702765970465,80.4269834491321,43816.343001856854,Manager,1
Female,6.309679412473003,93.03638752104789,34277.330630026794,Senior Engineer,1
Female,7.711804523258586,55.20555776860276,27701.165592490688,Senior Engineer,0
Female,0.0,82.59233239786799,-40.56600805875145,Senior Engineer,0
Male,8.46995080343576,62.53110666015395,43140.20014379472,Senior Engineer,0
Male,9.190375194119886,78.93299705234703,44564.15468902167,Engineer,1
Male,7.063708852653078,87.11283692279473,41774.91345834478,Senior Engineer,1
Male,8.667120219771665,97.00078956426862,45444.50147011268,Manager,1
Male,11.131901479134557,80.08097552493795,62210.46693607727,Engineer,1
Male,12.270965849936056,66.23447293958125,60275.026647929124,Manager,0
Male,7.233504027467124,91.19711445966136,40854.90759987024,Senior Engineer,1
Female,3.062107462626394,90.49812095785926,23485.869285769568,Engineer,0
Male,14.066913576414853,73.1033334090964,76893.03512843756,Senior Engineer,0
Female,3.5517694334539027,77.82130001531459,12298.139200125846,Engineer,0
Male,15.630387437674198,83.15474642344151,76883.55680065909,Manager,1
Male,7.678632402689281,78.95255335461788,36667.33848619743,Senior Engineer,1
Male,6.266035890065749,62.944339429009304,33776.45212571038,Senior Engineer,0
Female,5.969237819348088,56.50423788448468,33277.956871813105,Engineer,0
Female,4.2429394936211375,65.84786232094729,17020.23409797701,Engineer,0
Female,4.124566193253368,70.34027411072232,20962.023535851527,Senior Engineer,0
Female,0.3104275739100286,71.11372601840053,-8547.498791230539,Engineer,0
Male,10.839905878959462,82.98508466052482,61409.254423806764,Senior Engineer,1
Female,4.766488408961594,73.95819781095923,21270.570841424505,Engineer,0
Male,17.33725593885048,90.9879438956191,86965.59939347488,Manager,1
Male,10.387663545925683,91.68340488718081,50390.069159688115,Engineer,1
Female,5.896258725097058,60.14196191332174,35211.43150055237,Manager,0
Female,2.744626849714447,67.15844902071203,-464.39795841466,Engineer,0
Female,3.72092721138337,81.94762861876937,18521.584345287305,Engineer,0
Female,8.445337127590264,78.94647187573872,41697.59185046283,Senior Engineer,1
Female,5.339811231613293,56.27140548518936,24430.874220108053,Engineer,0
Female,0.6851660650479001,73.51479900352201,12056.963053417665,Engineer,0
Female,7.75768680372561,50.2177475062519,34351.7867243492,Manager,0
Female,2.995567743383018,70.4693490206037,18836.819603093398,Engineer,0
Male,14.77955987991819,89.09762795959497,75679.06334312136,Senior Engineer,1
Female,8.240144197143945,60.521072827310135,47508.3172483973,Manager,0
Female,3.6580343130237463,61.65676954508418,14954.226141231204,Senior Engineer,0
Male,9.622639239701055,91.97903272539028,44448.35170288648,Senior Engineer,1
Female,5.20356653158221,54.571984847903536,31498.18219529804,Senior Engineer,0
Male,13.282574555412847,80.20507032600757,68539.47931871479,Senior Engineer,1
Male,4.922606110855542,87.96575545140762,16888.343820893915,Manager,0
Female,2.4609300350273795,63.65714152310597,9608.125102820546,Engineer,0
Male,9.525976304263033,86.97292265631206,49561.79479055547,Senior Engineer,1
Male,8.71935679015774,88.11308673442885,47785.60505852164,Manager,1
Male,6.963686874219498,100.0,31422.28110513271,Senior Engineer,1
Male,5.0354299844026915,95.71543152234887,10605.869972928751,Engineer,1
Female,2.134632261951941,66.60877720729961,13289.277238444869,Manager,0
Male,10.219953901565212,94.41310580767484,44998.16605810618,Manager,1
Female,11.187574757729434,68.76267319900244,45851.17979803511,Engineer,0
Male,6.1147636838091515,88.97927049946809,16412.188794125053,Manager,1
Male,8.992645902129615,100.0,49033.13381163678,Engineer,1
Male,15.007064575868178,82.81954104607627,75678.41013136573,Manager,1
Male,9.221225945909186,76.52366071380915,44977.847825984674,Manager,1
Female,6.357115388749202,69.64992389993765,38730.69875855982,Engineer,0
Female,1.8128194155593609,61.88999136371155,12250.720492912167,Engineer,0
Male,9.181829290756989,77.15238091872297,53990.646667394525,Manager,1
Male,1.9093400711752846,81.2949190140997,2583.0229950414405,Manager,0
Female,7.957189987039589,72.1273977585766,39613.19681542813,Engineer,0
Male,9.307196409373965,85.15618333949602,38452.41517212975,Engineer,1
Male,12.088619094440254,94.02277173786648,59296.18381292393,Manager,1
Male,15.546868284836036,75.9224381985308,76491.26215534679,Manager,1
Female,5.9773889497465,75.50797572273663,33020.01293504785,Manager,1
Female,5.5831529047320085,74.44773807831595,28143.583929369535,Engineer,0
Female,3.940501121567935,61.743463171978576,22819.541299239252,Manager,0
Male,17.72007940974958,78.42165446147862,92117.59771444237,Senior Engineer,1
Male,10.177655302043465,93.54525227066615,61662.91989713304,Engineer,1
Female,5.505382928808843,70.07178466907942,25950.431367613593,Manager,0
Female,8.952792606823879,49.13522341628915,40058.8495307875,Engineer,0
Female,1.9803723041610768,71.6048962397348,11132.279597387427,Senior Engineer,0
Female,8.419635683387137,92.12531039397243,38086.77828123797,Engineer,1
Male,8.279013979359291,73.24405394375148,48804.873738979135,Manager,0
Female,4.645794419026764,62.719229021446786,21812.881900407658,Senior Engineer,0
Male,9.901740189352005,90.97228218253385,46680.81910739007,Senior Engineer,1
Female,3.1765340387167025,73.12378210466572,13526.091587827923,Manager,0
Male,7.861462651968507,89.63206292099123,42899.40037720074,Manager,1
Female,4.931395813103354,57.42131844091112,23868.24414935934,Manager,0
Female,2.0020933031152675,77.31380252574992,6802.1324149244265,Engineer,0
Female,3.485675236315348,75.90422061251464,25755.135769694396,Engineer,0
Female,7.521860079513659,68.57853463059453,33328.45119425954,Engineer,0
Male,13.274520555767385,91.25630933646,66550.4331490019,Manager,1
Female,4.283203702490917,80.29457481598357,24677.549270505737,Manager,0
Male,3.7798293027755516,90.82026567084726,10742.47096179239,Engineer,0
Male,8.971937217758953,87.60442263333556,47260.98859582438,Senior Engineer,1
Male,8.885677402012625,79.61158143807262,39152.848632660876,Engineer,1
Male,5.7774649158465365,74.91445315923792,33001.238483402696,Senior Engineer,0
Female,4.033038592365981,70.72874098015515,15351.937902235022,Manager,0
Male,6.668272463602514,88.49650047299694,36805.20747725687,Manager,1
Male,15.256811330270867,69.35197228637945,81813.22198282789,Engineer,0
Male,12.807035179442384,85.95344199441308,68342.35852537595,Engineer,1
Female,3.7051390618458546,69.16282040150789,19782.278550419782,Manager,0
Female,6.211190271009828,58.80453871616831,29899.44664040064,Engineer,0
Female,4.927413180827251,66.06470144030271,21754.968022462035,Manager,0
Female,2.2888944178096153,71.78694716810476,18799.645543133596,Manager,0
Male,11.468123683683753,92.31870704288295,53843.14231758055,Senior Engineer,1
Male,6.333616573324164,88.35058029084118,26482.752498770842,Engineer,1
Female,8.563038165384691,61.49464721252956,46142.03550208761,Manager,0
Male,9.279023805525595,89.69267589808527,42414.435011695496,Engineer,1
Male,8.875537577351208,69.64427876792894,39627.37039942541,Senior Engineer,0
Male,12.132879904610474,92.56788679986983,53446.37821220355,Senior Engineer,1
Female,4.223285078887768,68.48285566422771,18701.87619713625,Engineer,0
Female,6.760081404425824,75.3335924470545,33386.831902646656,Engineer,1
Male,13.477989410092745,82.55919526325799,68605.40568876722,Manager,1
Female,7.613891892371733,82.18194711754256,42825.99068335608,Senior Engineer,1
Female,0.9620609592597544,80.57368305378225,7444.7944146277405,Senior Engineer,0
Female,5.379138738639235,78.72197000072978,25941.332595430278,Senior Engineer,1
Female,10.816786997174855,66.84913268805892,53092.95660397568,Engineer,0
Female,1.9990060261832756,64.28253958043939,12545.817475492297,Manager,0
Male,6.246659270844091,71.87780806568594,37596.1471688633,Engineer,0
Female,6.541723548976745,79.33128072341069,33340.188742299724,Engineer,1
Male,9.445293590671033,98.28933319535409,44880.813682303124,Engineer,1
Male,8.431830938442882,88.86808520689203,37194.824686786684,Manager,1
Female,6.467561390442991,84.52616745486179,25111.780630153826,Engineer,1
Male,7.886968928371722,100.0,42766.19300207622,Senior Engineer,1
Male,5.774616110909321,95.23709546106981,31762.973172744387,Senior Engineer,1
Male,5.330112479428289,87.49308595641729,29537.38002267475,Senior Engineer,1
Female,4.276227036144372,73.07612668189196,20737.837948961584,Manager,0
Female,7.017721103608194,64.75432986232948,42123.27924749972,Engineer,0
Male,15.264382545953094,85.23903043284956,73901.32025684137,Manager,1
Female,4.60209876085228,74.24066861518452,27786.839990297427,Engineer,0
Female,2.0764120859880757,70.3944704824074,10188.345954992663,Senior Engineer,0
Female,8.321242007860919,55.64090476131472,38564.45621590791,Engineer,0
Female,4.638856508139205,56.84184183572493,26156.934077284834,Engineer,0
Male,8.365242739573151,89.99864123740372,43874.394291285724,Engineer,1
Male,11.197408343056212,71.00693825198059,57771.905511615696,Manager,0
Female,3.394015442138232,80.12637409644071,17376.46932097215,Engineer,0
Female,4.7284001530875175,68.4184615562768,23452.535356853434,Engineer,0
Male,10.34268294598612,91.25508016831036,63655.274694282794,Engineer,1
Male,10.450905284385632,93.8523148298899,58175.80964790902,Manager,1
Female,7.128355451417118,68.18550930752484,39255.91173201315,Manager,0
Male,9.829163128836798,86.23547695955583,49704.81143520093,Manager,1
Female,6.539317394528248,79.95581514002029,37732.37297562458,Engineer,1
Female,4.221359967248248,87.03172609918037,23696.7737181985,Senior Engineer,0
Male,5.955443733682861,74.410924129434,29908.24243228448,Senior Engineer,0
Male,12.229792282068145,99.81663402462598,59631.139784011146,Senior Engineer,1
Female,2.193683893866214,63.779651944456184,10563.832781017629,Engineer,0
Female,8.257946348525097,75.82737583173865,25437.603063235212,Senior Engineer,1
Male,10.05530179919618,95.11463035408356,51329.51319246911,Senior Engineer,1
Female,7.424173394843436,80.69771454983851,34678.48657366538,Senior Engineer,1
Male,8.380720959071915,77.57515767461616,49866.954786774,Engineer,1
Female,10.514551030385368,46.83856137031123,52669.47550598561,Senior Engineer,0
Male,10.587535765293044,97.30874513154735,46992.86172879041,Senior Engineer,1
Male,7.0648816671549035,100.0,35075.00756513393,Engineer,1
Male,11.224758267143415,90.62880860174354,50893.18591040455,Manager,1
Female,4.090460651497174,71.45063745959382,22819.3403360482,Senior Engineer,0
Female,7.39982570582615,77.93175688218678,38453.86535082818,Manager,1
Male,11.41779244723913,79.69029102188036,61878.16039173699,Senior Engineer,1
Female,1.838952742560938,65.42151613817511,5240.354754331863,Engineer,0
Male,12.948072951836542,88.42337834489622,64910.405240323445,Manager,1
Male,14.99642333338773,100.0,68157.00768980547,Manager,1
Female,10.131840117745776,56.51952888059833,54166.674498352455,Manager,0
Female,4.686652344387586,62.853193230095684,26027.61762413854,Manager,0
Male,6.161269099792896,89.63288530118106,33285.37060410233,Senior Engineer,1
Female,5.2101564893395444,73.216785413765,26058.877603482426,Senior Engineer,0
Female,8.485634907824572,71.6805980596682,44502.03899306682,Manager,0
Male,11.552977061407368,59.70439922305697,65786.58084857982,Senior Engineer,0
Male,7.822768560539603,82.03392540930201,37688.37151748795,Manager,1
Female,7.925592889347289,48.22934953557145,40321.19036528687,Manager,0
Male,7.733851202940032,73.48985916380494,33238.62451879311,Engineer,0
Male,8.165446591024155,88.86323317811559,36485.92814712911,Manager,1
Female,8.003138277701424,55.25867867957894,40504.75785397366,Senior Engineer,0
Male,7.230300261667287,100.0,41671.16904184597,Manager,1
Male,5.944946183150999,100.0,28443.326794497134,Engineer,1
Female,3.0377729506177285,82.52842634427483,14009.282106528022,Senior Engineer,0
Female,0.0,65.51775383699851,-2034.4262225218733,Engineer,0
Male,7.151803333504171,84.26052434391607,33085.233313299235,Engineer,1
Male,17.897146194512175,80.48340523840378,90960.58825110499,Manager,1
Female,4.587654456116924,71.03438129308107,15451.984054691398,Engineer,0
Female,7.858623641608816,90.42076040143743,45697.816091377725,Engineer,1
Female,9.836834773965936,72.77358461964675,45857.06237918238,Senior Engineer,0
Female,8.944743360752142,69.77721020816287,48333.23423095142,Engineer,0
Male,8.273086521286679,91.29529584221811,35015.439619464014,Manager,1
Female,7.2263824732156765,69.88907996051398,39476.11301880947,Manager,0
Female,5.226300916704778,61.8698562773987,29491.227622596376,Manager,0
Male,9.71182030082605,78.68422270834668,50480.11186415973,Engineer,1
Female,4.261812535610154,72.25761523111754,16336.920069051812,Senior Engineer,0
Male,7.890470724622338,93.20344012612456,40700.094571102076,Manager,1
Female,11.51282815249344,60.2463397272175,51648.85983879526,Engineer,0
Female,4.47234256270299,83.03507931934759,21097.896538034023,Manager,0
Female,5.369614420353457,76.6470274533311,31995.137606543918,Manager,1
Male,15.437345673990787,83.03533416571902,81170.23800530765,Senior Engineer,1
Male,12.123255806366426,82.9414056911966,60692.1937445343,Manager,1
Female,10.085153121292258,65.02429161614793,45551.73272684708,Senior Engineer,0
Male,11.897223217166562,83.23225836884218,62714.05464670378,Engineer,1
Male,12.91766334888019,69.51381701136253,64685.222932891076,Manager,0
Male,11.86542988665159,80.08846252857896,47725.57144210584,Engineer,1
Male,5.2893258403286305,82.15124506630329,30359.778333225746,Engineer,1
Male,7.818588472525394,82.4382024750462,38971.77819327851,Engineer,1
Male,9.257444093345486,82.58502554129221,52299.47670664279,Manager,1
Female,3.71209332644822,49.24411990921467,13084.114038027077,Senior Engineer,0
Female,2.922737060378432,69.13930307209107,-1269.8337640878417,Manager,0
Male,10.533103002799761,93.74517074132523,54060.93430572473,Engineer,1
Female,4.750683282113916,66.73303786813636,25211.23479397944,Senior Engineer,0
Female,0.48583887790699354,59.57422305329423,-6024.163748497292,Engineer,0
Female,7.280167891068808,58.2776624656336,31508.341726011007,Senior Engineer,0
Female,5.24731925880351,74.64369863546574,40012.68501261706,Manager,0
Male,13.242342176663865,81.48078682183491,64683.6578125503,Senior Engineer,1
Female,4.07237276885041,73.16358321536144,24016.65872613313,Manager,0
Female,2.7435307832282505,61.14751313875777,10464.354779299334,Engineer,0
Male,9.789502865624058,80.43879172525811,38495.99983385451,Senior Engineer,1
Male,5.017117199452025,86.81426620113972,24234.294763280603,Engineer,1
Female,0.0,75.86165800392783,-1328.022801430526,Senior Engineer,0
Female,5.345078237442252,65.8758618178352,24725.9999938694,Manager,0
Female,4.519601613300079,72.57198970355927,22024.803888968432,Senior Engineer,0
Female,7.014020229351397,67.59334825469787,36391.44250498517,Senior Engineer,0
Female,5.639589884713067,70.07880184694729,27447.364667296304,Manager,0
Female,2.7440920047835426,66.74388947851496,7400.429184180894,Manager,0
Male,9.881334538430036,90.731278132412,51837.59664995987,Manager,1
Female,2.6119224295895327,72.12093353074175,3312.753371335548,Senior Engineer,0
Female,8.228021415795794,60.06641300418049,30888.319792557973,Engineer,0
Male,10.089268418487235,88.01107339191742,54142.24456594401,Senior Engineer,1
Male,12.814851417927994,86.83834516322504,66609.35845031675,Senior Engineer,1
Male,8.451865815347878,100.0,41972.352251369215,Engineer,1
Male,10.28836233082295,88.49800024567908,44464.5691303394,Manager,1
Female,0.45885682216151835,71.5946250680413,-1245.2705925627847,Senior Engineer,0
Female,0.0,61.07212484508116,-1313.73373843252,Engineer,0
Female,0.24759217098353048,75.13614464231097,-6741.508987952915,Manager,0
Female,5.80137995303445,70.34713748752561,25311.75647505609,Manager,0
Female,6.526175069689802,50.31495786561946,35892.52703933241,Senior Engineer,0
Female,0.25642789390359955,76.5497558422169,8418.66629096408,Manager,0
Male,7.316178093341488,79.50459725404465,34483.716703414684,Manager,1
Female,3.5508168449496815,60.06137325165147,21536.5259963289,Engineer,0
Male,8.680806825177475,78.64442158595597,33833.733772950036,Engineer,1
Male,14.3409336530612,100.0,75001.92447087406,Manager,1
Female,7.690517947596596,70.97670376748336,34432.84766434557,Engineer,0
Male,13.095533618405906,100.0,67014.39617556937,Manager,1
Female,2.326423323754138,52.06893547465423,10393.354527572143,Senior Engineer,0
Male,10.801150797607777,89.82066727335386,60607.82403695806,Engineer,1
Female,2.8425400422727396,68.76271053725164,9840.521969664107,Manager,0
Male,10.246851967826272,88.93797298216252,54372.29132694051,Manager,1
Female,2.038461418546448,58.1596944177744,8794.769776249574,Engineer,0
Female,4.606229098723086,66.00100937868864,22239.61810356711,Engineer,0
Female,5.2305556488763045,72.69294752580734,25233.508778585474,Senior Engineer,0
Female,4.3254320545757645,69.55106969877463,17398.79475040826,Manager,0
Female,3.0499922575296208,71.82501030599214,15179.466458114746,Senior Engineer,0
Male,8.663492435797684,84.4759554942253,43004.22106837931,Senior Engineer,1
Male,14.360153431353103,100.0,73006.96839879916,Senior Engineer,1
Male,14.738716437192137,97.4689171553472,74116.107914425,Engineer,1
Female,9.23279713923881,74.87560297086719,50153.95844425524,Senior Engineer,0
Male,8.73943954871243,94.51449277058086,48314.74082379899,Engineer,1
Female,5.056548868834543,74.80908092748895,20029.62773503371,Engineer,0
Female,7.124643269769671,67.9747577293517,39967.07885180221,Senior Engineer,0
Male,7.244044160547405,75.75534011870445,30288.538667187757,Senior Engineer,1
Male,6.987577699743796,100.0,37877.16793940766,Manager,1
Female,5.8613724956054725,55.77025074738327,32405.556401541708,Senior Engineer,0
Male,9.895945337839656,82.56616020624982,39923.14223088576,Manager,1
Female,6.084510575618305,66.02442234508278,30887.449110738573,Senior Engineer,0
Female,1.568821378038015,82.37653757511998,5501.626323388496,Senior Engineer,0
Female,5.325679117329569,73.79767636040896,22834.56929697097,Senior Engineer,0
Female,4.900310028066618,60.31954241489755,31255.811793828118,Senior Engineer,0
Female,4.375649428182381,66.89692294615097,18609.85143772481,Manager,0
Male,9.851608871042702,87.95624488747094,45226.159709623265,Manager,1
Male,12.024458476499811,69.83357450579209,60500.76708252452,Senior Engineer,0
Female,3.3538252767771155,79.78889558556779,20197.07511537766,Senior Engineer,0
Female,5.278534703423344,56.282568707364945,25684.430587066086,Manager,0
Male,10.499356624639168,87.16775563762629,58328.6358515421,Engineer,1
Male,11.477353792024447,74.02697472367156,60041.64726994269,Engineer,0
Female,8.797123522594102,80.90861670603698,33094.56101431336,Engineer,1
Male,17.365900419732682,76.627375689503,84182.16728112836,Manager,1
Female,7.90837160158021,68.50059280920891,36732.64751114255,Manager,0
Male,8.407009134994547,79.60877296851021,44431.85044211985,Engineer,1
Female,3.061318070468591,64.75337592933197,2182.5050704723963,Engineer,0
Male,8.333568642519236,93.33333911780306,54412.89175618479,Senior Engineer,1
Female,1.41908950473056,82.96063061781396,9750.57799812385,Manager,0
Male,13.567049593322656,87.20541427013868,68579.63198620174,Manager,1
Male,14.261512743969565,97.17959152305559,77215.40230194356,Engineer,1
Female,2.9881393727700654,68.48700779767478,26658.967127913453,Engineer,0
Male,7.502933280687314,77.82081109252398,41868.39962637858,Manager,1
Female,4.249860456203142,75.913492417584,25993.367763373808,Senior Engineer,0
Male,8.343330867157086,96.7972520836071,42370.104458107344,Engineer,1
Female,5.780965516313662,68.04609648822976,28197.19881473357,Manager,0
Male,10.608769062553899,79.68785705392402,50664.86809274499,Manager,1
Female,7.432424819479346,62.106614942803255,33031.56413882402,Senior Engineer,0
Male,14.642515603990185,73.97707850163576,69777.50752145344,Senior Engineer,0
Female,0.0,67.84390421431978,-6752.779821714916,Engineer,0
Male,8.161633928546841,89.08607307701767,40428.81238930909,Engineer,1
Female,0.01252403589297657,62.71538378319657,-8360.717706667052,Engineer,0
Female,8.097638613024973,73.19524670782955,41442.775685843415,Manager,0
Female,8.38011541048275,86.53617268492285,41718.92401220204,Engineer,1
Male,11.975632818018491,90.3481733634591,60612.84058202589,Manager,1
Female,3.7675571361362454,79.9611821491113,16227.127830581265,Engineer,0
Male,9.469158317517852,78.62692252971205,62730.09343849178,Senior Engineer,1
Female,4.355236909133794,71.57761439293769,28576.764046570534,Senior Engineer,0
Male,5.862042315956418,64.12972981397931,23087.499079358477,Manager,0
Female,7.338981596808019,55.23075072468099,37859.24842117458,Senior Engineer,0
Male,9.90061908137861,84.68941067129099,46463.064692206426,Manager,1
Male,15.383673590553363,75.90316583018166,71845.96931922974,Manager,1
Female,3.3134959202650935,79.50015828669646,9867.119245705791,Senior Engineer,0
Male,10.671363854916695,78.32220443531114,55517.90272837975,Manager,1
Male,9.950731311781745,87.92192728326373,46346.755383560856,Senior Engineer,1
Female,2.5823898005114336,68.03719348612063,17751.07912268319,Engineer,0
Male,17.580797277620867,62.61768766675028,92872.89746075653,Engineer,0
Male,8.407393681239038,63.792998473649334,48906.540332252436,Senior Engineer,0
Male,8.531681672445334,78.93134822142825,38396.474531856154,Senior Engineer,1
Female,3.2226072225413174,61.09682151980128,18489.864166166637,Senior Engineer,0
Male,12.045674468878934,57.52495157274765,63390.64342760618,Senior Engineer,0
Female,5.840483476458821,75.3629090951719,26831.52650677428,Engineer,1
Male,11.751784555977892,79.7375214348258,54900.06299292508,Manager,1
Male,8.922123727638821,98.88337778208448,52658.22196707397,Manager,1
Male,11.771964492076927,81.14978188287137,59997.30183904491,Engineer,1
Female,4.956643187365163,78.49611988516213,27963.054690384502,Manager,0
Male,12.461446543592093,86.41257140087463,58196.852658820826,Engineer,1
Male,11.521822093321893,63.694335201928,51512.68813399849,Manager,0
Female,3.690842328420294,62.00059493298066,15606.962769640917,Senior Engineer,0
Male,13.507886771337018,87.15396505456287,66919.3269197351,Senior Engineer,1
Female,4.734911122383994,66.069472429386,18353.455577833225,Senior Engineer,0
Female,3.8899669103536167,80.0163182520856,19400.61050851617,Engineer,0
Male,9.498645759049436,64.15887060501412,39050.70285490468,Engineer,0
Female,9.795941511514151,77.10549102297786,43379.47044522139,Manager,1
Male,13.61952689952507,82.12552480599645,71452.19073900972,Manager,1
Female,4.113559045912519,73.79639648385965,23586.747830952067,Manager,0
Female,7.090863213532207,64.43881253239219,33494.9322407267,Engineer,0
Male,8.819983563017917,80.75763666601956,39011.09626970482,Manager,1
Female,8.519373912759924,86.6906952582633,37459.851806169565,Senior Engineer,1
Female,6.108926576594282,60.574419942081235,28678.29165326484,Manager,0
Female,4.678093567987314,86.14778790709852,26613.060298163025,Senior Engineer,0
Female,6.343150777430833,66.77971845507942,36356.98234387579,Engineer,0
Female,0.28737154379450214,83.25432109095078,-1045.8009584373344,Senior Engineer,0
Male,12.238760698081663,73.69930660959642,55426.341360484395,Senior Engineer,0
Female,1.418224980802834,75.8590420116465,8430.343093345837,Senior Engineer,0
Male,16.48976416991638,97.57149216862572,78331.14599645266,Engineer,1
Female,10.197544998455275,55.847328080758125,48396.46179797036,Engineer,0
Male,10.657450982991817,88.5845361820962,59913.63536714427,Engineer,1
Male,10.748151051132266,77.69043724284526,57876.33239849017,Engineer,1
Female,6.502533424833371,61.550585614065035,33302.538685424115,Manager,0
Female,0.0,55.00984039541599,-6359.595005563614,Engineer,0
Female,3.371978600797935,69.08155235665045,17916.875841342968,Senior Engineer,0
Male,11.823689529149618,83.24436054500785,64431.734099685724,Engineer,1
Female,3.137457205246652,75.48319627554498,13809.117697405582,Manager,0
Male,8.660699156348414,85.98067539538944,50059.06623167565,Manager,1
Male,10.582269978694923,97.95871781863015,59375.076341065644,Manager,1
Male,13.220895249579316,77.81167612391269,74423.14040861395,Senior Engineer,1
Female,7.243730768352601,72.24234744535292,37744.86947441977,Engineer,0
Female,1.7817709227805807,66.535734939931,11845.813112932965,Engineer,0
Male,7.89963755518248,84.35811822891502,46569.12421756785,Engineer,1
Male,13.585139886774527,85.91752484448372,70162.66911921752,Senior Engineer,1
Female,2.24184622524073,66.63613054588863,8703.060587252585,Senior Engineer,0
Male,8.323234458185235,83.83770956878041,39373.45810828687,Manager,1
Female,4.141987334359667,74.62483624066854,21902.71144066703,Manager,0
Male,14.696572087703021,100.0,67030.05332878402,Engineer,1
Female,10.875042362661782,71.72254386411038,53658.91723648795,Senior Engineer,0
Male,8.334401419920404,93.69154592496896,47154.74269075329,Senior Engineer,1
Female,6.490097669709565,85.28031359387833,21494.219092721418,Engineer,1
Male,5.655958298751268,76.10759171771676,35952.20200272891,Engineer,1
Female,4.682154937087593,77.60846654311477,29022.645778953764,Manager,0
Female,12.933030041051104,70.60085994615163,62366.32712610314,Manager,0
Male,8.493837326942167,99.72670675750982,45186.140774069885,Manager,1
Male,6.93630154860786,78.9601937403077,34697.24637757093,Engineer,1
Female,6.4030795152963,56.6722260252035,38165.349418674916,Engineer,0
Male,10.731402141313596,68.60515837474566,58570.42642041769,Manager,0
Female,5.293949460412686,62.27431251243759,19469.393686148385,Manager,0
Male,6.159086803987317,94.96570510579447,33731.74608725747,Senior Engineer,1
Female,3.825054297734627,82.30222175650788,18097.132220456897,Senior Engineer,0
Female,5.807380823735322,64.03025713278926,29451.066971267108,Manager,0
Female,3.9704231735077684,46.09695632530562,16211.256362689765,Manager,0
Female,6.864715669568152,65.8777925497553,43064.26369344494,Senior Engineer,0
Female,3.8911689918690984,79.13473732017407,24656.154058858374,Manager,0
Female,6.13130118170656,75.3762990294988,26957.650088667964,Senior Engineer,1
Male,7.924275790356267,55.08864029099277,32948.32591723017,Senior Engineer,0
Male,9.863241950933507,83.13103841838016,47387.84659977829,Senior Engineer,1
Male,10.730018347968075,68.6952675628486,55822.6049702969,Engineer,0
Female,0.0,75.15294321624468,1201.029219731115,Engineer,0
Female,8.785764502141975,61.65718189965375,50194.48663455109,Manager,0
Female,2.282803097412143,91.84096733380457,15363.614097964979,Senior Engineer,0
Female,3.0387009840535404,75.70507208354516,20041.350049032237,Engineer,0
Male,9.753546464822293,75.51083479175162,50402.00932716365,Manager,1
Male,13.351887494764384,100.0,59812.94382276697,Manager,1
Female,0.0,69.07055793386412,-978.4926557345073,Manager,0
Male,11.370259657461352,82.63444712781055,62151.746986850085,Manager,1
Male,11.709301840696611,96.35620147182944,58288.89456085982,Manager,1
Female,5.669716742387479,71.86416169744047,30864.03555505613,Senior Engineer,0
Male,11.928168279602632,76.75485838472326,58047.099821782496,Manager,1
Female,5.856662224572971,88.90440685155782,24134.25188015563,Senior Engineer,1
Male,10.58956350910441,79.71022291935985,52331.097225291494,Engineer,1
Female,6.935646757850171,77.68839675968897,36223.471004414125,Manager,1
Female,6.666813398010346,63.91773492555241,30055.62839274451,Engineer,0
Female,5.268742043765746,73.63115627744523,25165.153994545388,Senior Engineer,0
Female,4.407984739078022,73.11109991143195,17342.607485460197,Senior Engineer,0
Male,15.402821298732448,79.2964863358632,82610.33108148273,Engineer,1
Female,4.415275158941957,90.15275110460641,20604.097006769614,Manager,0
Female,8.401310290601193,82.90644460922547,49270.32917863688,Manager,1
Female,6.780670166842586,66.02804683854012,41547.09008691747,Engineer,0
Male,7.9568450275753575,84.31365953914532,39378.995314268075,Engineer,1
Female,6.967702329589283,73.47561613803552,29796.267985209663,Engineer,0
Male,8.042128062092827,100.0,29781.15092179745,Manager,1
Female,4.9438737306623075,73.55668948563229,17359.183288177577,Manager,0
Male,4.331377807163407,86.0575379127148,14787.714911323736,Manager,0
Male,8.64308104225277,97.63706677654669,50107.75334857138,Engineer,1
Female,7.842579386368573,84.47305699391806,39792.01986797759,Manager,1
Male,5.24829152954283,90.43479378670094,28189.480268174088,Senior Engineer,1
Female,6.221156861373606,59.50344501090059,20003.679262192403,Engineer,0
Female,2.085029796376142,83.62562852712452,4435.316835794401,Manager,0
Female,0.8611455056332087,86.40614563488288,8741.126410397479,Engineer,0
Male,7.099071570612361,92.32492102779803,36929.228414974736,Senior Engineer,1
Male,9.85686593157406,87.88723662825024,48548.303264442315,Senior Engineer,1
Female,7.85937513612826,72.42882013150275,42121.087473641914,Engineer,0
Female,6.539256260291879,49.17901296811013,40875.27033213847,Engineer,0
Male,14.510194905301452,83.77291066404275,71445.76220882201,Senior Engineer,1
Female,6.548534861344875,64.51799701833227,33089.52332001472,Engineer,0
Female,3.0755552143311435,89.23445794824953,16340.760665312242,Senior Engineer,0
Female,6.295767634021821,62.25385029981418,43439.38634647907,Senior Engineer,0
Male,10.625148423842658,100.0,42628.96079711816,Manager,1
Male,3.874795394727128,91.02118320392483,22790.09204757968,Engineer,0
Male,9.258467852438208,85.72036861283745,45718.32801839572,Engineer,1
Female,7.124911541603192,77.5109945450731,38458.416338936855,Manager,1
Female,6.054344622624749,49.349169537436794,26984.86034315012,Senior Engineer,0
Female,8.210450714949282,70.28457581183159,40807.428420454155,Engineer,0
Male,15.393059580548567,87.57752540142751,80522.35080007032,Manager,1
Female,2.3543760463168466,66.79702195463358,27336.431236803437,Manager,0
Female,4.510799108168708,86.43378155804534,26594.1764878539,Engineer,0
Female,2.7652920655806525,73.60647891435795,9586.132337750721,Manager,0
Female,2.9744651750768556,61.36506395035066,12753.527465270763,Senior Engineer,0
Male,12.773901048738306,76.39614989220499,61602.43470177226,Manager,1
Male,10.178891109760523,80.86394466578356,41916.239685652545,Senior Engineer,1
Female,4.0761154110828794,74.72630345843406,18730.12609690721,Senior Engineer,0
Male,12.09466994084077,90.56553124533758,64137.49511331257,Engineer,1
Male,11.18045615626525,71.64518430900108,49531.12018594227,Manager,0
Female,5.003616426086673,42.95608368397225,30260.495385686325,Senior Engineer,0
Female,2.548734106795428,63.70115447636189,15182.544639398831,Senior Engineer,0
Male,13.148658145958006,95.82691053887073,62072.12411993484,Manager,1
Female,7.812710412879675,76.33326826071239,38355.90387770914,Senior Engineer,1
Male,13.952182196902978,84.06363811260829,77752.52002272005,Manager,1
Female,2.711825664301357,55.944369461437134,17226.867389036113,Engineer,0
Male,16.225782617875797,72.1283643141575,81172.83136386973,Senior Engineer,0
Female,2.180290696673406,71.98680009547407,9713.036898562108,Senior Engineer,0
Male,15.207891409495748,79.16400673653995,76422.50239973703,Manager,1
Male,10.593732350387944,95.38378851019317,50409.8439622282,Manager,1
Male,8.045745989156655,69.80653924523158,29704.982417188206,Manager,0
Female,0.0,76.96167997159289,10210.889552673654,Manager,0
Male,9.038958075417039,80.48841141591001,45971.4153730822,Senior Engineer,1
Male,11.27249783920575,90.51740799910921,58353.225521641434,Engineer,1
Female,5.179797890798985,91.69936588080543,25609.45070461038,Engineer,1
Female,5.832130813874575,55.76317363116077,25485.070065749936,Engineer,0
Male,9.926936223217051,80.88573392883998,48705.05871134141,Engineer,1
Male,16.42681107583559,96.53900734255747,74137.0815682064,Manager,1
Female,0.0,63.21356938705897,11385.432490266523,Senior Engineer,0
Female,5.551548634261085,66.8176247225738,21585.183179193446,Senior Engineer,0
Female,10.401533544532562,62.18843621868886,46847.83630342691,Senior Engineer,0
Female,8.716839058818312,67.40199859232487,41382.89927215956,Manager,0
Female,5.628978245823877,85.98538112096341,34585.26985338127,Senior Engineer,1
Male,6.931622304404783,85.34441011705842,34730.656518337186,Manager,1
Female,7.4213677899119315,78.62223511886977,30926.159969407345,Senior Engineer,1
Male,4.994247778367232,78.41751587666151,31242.930695622854,Engineer,0
Male,11.197669367815838,89.53508712554468,59643.349973006596,Manager,1
Male,11.941587819108223,75.1770596574532,62400.11388162338,Senior Engineer,1
Female,8.18062972249664,61.90619178917246,44481.819818337404,Engineer,0
Male,14.721960289870099,89.46872500802698,85581.61095226274,Engineer,1
Male,6.322703010992976,81.57450799142235,42538.98953014544,Engineer,1
Female,3.4731091228775037,67.78486737047876,13931.968899371044,Manager,0
Male,10.673355455679916,75.37267434715388,61486.20224245534,Manager,1
Male,13.141294907836464,82.93388720303953,67622.31548797683,Senior Engineer,1
Female,2.915860606732825,72.04758882401784,17074.78211435287,Engineer,0
Male,8.62334721139318,86.56972960968434,34655.381898749256,Senior Engineer,1
Male,13.236042500293888,79.13468730436064,65328.28367452845,Senior Engineer,1
Male,9.884474591497879,87.24216404290793,45358.25500580657,Engineer,1
Female,2.5327402028533985,79.32434870954667,16803.99508873354,Senior Engineer,0
Female,8.363092001973413,65.8489971103663,47170.86251188109,Manager,0
Female,5.000621194754591,77.00700612120583,14630.674218691398,Senior Engineer,1
Male,5.270823529047252,81.63745261318928,26243.943325214907,Engineer,1
Male,14.429621049177687,89.2548993324023,77757.4127698597,Manager,1
Female,5.465572051576937,73.93307050005323,26394.465446317463,Manager,0
Male,8.123311895471412,71.28326302769534,44261.87770236888,Senior Engineer,0
Male,11.187410600312226,77.90558997572454,57692.88033969655,Senior Engineer,1
Female,3.02565053277423,74.60271624982303,16836.55382363428,Manager,0
Female,4.088821913670006,71.94842340270138,19087.534678008542,Senior Engineer,0
Male,8.349084538463739,100.0,35662.518671640144,Engineer,1
Male,7.985129896185845,76.43227906173207,34317.99874380409,Senior Engineer,1
Male,9.923337787025664,79.44453220513134,53163.45150740491,Senior Engineer,1
Female,7.623167542138183,74.48635764514528,38213.12898828533,Manager,0
Female,5.787683987005775,79.61987189071841,28245.858711992754,Senior Engineer,1
Female,5.580769734102633,67.62988029987372,25784.398458901404,Senior Engineer,0
Female,7.552693886503917,77.49900239423711,36237.52520511583,Senior Engineer,1
Male,1.4543721381097736,81.67139595617489,12506.419662989565,Engineer,0
Female,6.171394549786669,60.49089270312768,29180.75233959321,Senior Engineer,0
Female,4.690334741202511,73.18521004798875,16746.350139504713,Engineer,0
Female,5.796087048198885,60.0830333655969,32698.694118695294,Engineer,0
Female,3.251724027165254,63.67119725115208,15234.236816502684,Engineer,0
Female,0.0,71.89328307292374,156.9793276638822,Engineer,0
Male,13.482480362135558,85.18401630783438,75450.29334267534,Manager,1
Male,8.596896396064325,87.25264117247549,42881.67919356909,Engineer,1
Female,7.778646206724777,80.53985771182876,40339.14939921752,Senior Engineer,1
Male,9.859238263362448,72.306695034533,43401.57386032061,Engineer,0
Female,8.708392165418655,62.95271564389116,42443.61356533847,Senior Engineer,0
Female,5.265972772884313,54.624152035508246,29377.49409046457,Engineer,0
Male,6.151023327434292,100.0,22978.247967965246,Manager,1
Male,12.98880045834142,77.66967004476011,65948.22775728564,Engineer,1
Female,4.051781431918851,71.13140457053022,20762.862522818286,Engineer,0
Female,6.8473134493134244,66.36883338844433,34443.00452450432,Manager,0
Female,8.611653311506448,49.9254313925499,48244.06105082345,Engineer,0
Male,14.502279371902933,87.34024454353148,74183.58943375727,Senior Engineer,1
Female,3.6494322054457653,66.94380888931687,25637.520519011046,Engineer,0
Female,5.001583876569792,76.3366102477406,20039.971804878776,Engineer,1
Female,6.803620246787345,63.0180032538895,34697.72407002846,Engineer,0
Male,9.035094846347853,65.32930296412847,45597.808163689006,Manager,0
Female,0.0,50.883594493482434,-5346.272468775401,Engineer,0
Female,3.3483894515252492,83.11167497802624,21523.422268082977,Engineer,0
Male,11.29012494157321,88.09998983165555,68073.99123713013,Senior Engineer,1
Female,3.4755794070580674,78.59584872343557,17292.866662871184,Engineer,0
Female,4.556659043547586,70.79801484058733,25308.400659106766,Engineer,0
Male,9.22287356253789,65.48898135961375,46536.96019176609,Engineer,0
Female,9.357402603412236,66.12638035447189,43219.0896675253,Engineer,0
Male,9.785196221757808,66.82020774612846,39822.17971977896,Senior Engineer,0
Male,9.888333290470475,92.59712295484168,45912.799036875556,Senior Engineer,1
Female,6.866621432130206,68.86519354117858,27373.315255892376,Manager,0
Female,1.5835006466576926,72.2155847362421,16438.01362358405,Engineer,0
Female,8.117335362260807,82.34751914044796,40011.12834168784,Manager,1
Female,4.772707140393621,59.68044757905565,22133.939056732248,Manager,0
Male,10.235905570948272,95.41724664058852,55625.29697868039,Engineer,1
Female,1.7844283008795339,64.10105243537109,3313.3859901182286,Senior Engineer,0
Male,12.748983024107444,83.7048275313656,59910.59493051445,Senior Engineer,1
Female,7.453668974075086,70.7227896538429,37608.706216618535,Engineer,0
Female,6.129228578292549,54.997781385530644,35789.987848580146,Engineer,0
Female,2.2938453369274687,62.211629571795655,13977.651910481285,Senior Engineer,0
Male,16.265124114342182,100.0,82567.24628429032,Engineer,1
Female,8.376304353244308,78.86191188584796,42272.110442401616,Engineer,1
Female,1.4317643213980165,69.37360422672765,9160.000884623958,Engineer,0
Female,9.92801885976789,72.43123458512893,50648.358824485724,Senior Engineer,0
Female,2.298137796056394,67.05757494363543,6340.827606397291,Manager,0
Male,6.839753310479032,90.72390311175675,34429.16266056091,Manager,1
Female,4.014144572753046,67.99647422205837,14702.279569176466,Engineer,0
Male,15.742094061600358,66.30183660467836,79115.8830225059,Senior Engineer,0
Male,9.42795279770996,73.38216156087637,44736.52428110859,Engineer,0
Male,10.652298619539168,82.16861103256232,65958.40121161015,Senior Engineer,1
Male,12.610203192066262,81.99140252859173,62851.54404157275,Engineer,1
Male,11.487045663917813,72.90523064581194,50414.03048828112,Senior Engineer,0
Male,10.451256715430729,88.88978729352183,51585.38252376902,Senior Engineer,1
Female,3.460359300585244,66.27324416048026,19898.59023111566,Manager,0
Male,17.210246755714827,83.0573086802148,94418.05350933675,Engineer,1
Male,9.827143608899243,77.44208499841638,46188.456044802624,Manager,1
Male,10.603297140144903,95.48707126416564,45104.34583060632,Manager,1
Female,4.426916712199493,59.60193468973116,26218.76861815237,Senior Engineer,0
Female,12.237846264838748,63.923536546265275,54286.23779469548,Engineer,0
Male,13.56109091668114,78.8783308284518,65624.67737586828,Senior Engineer,1
Female,4.9422188607968165,79.57791614472906,23422.99187642911,Senior Engineer,0
Male,6.570985261808549,81.41970620253014,32506.759042542206,Senior Engineer,1
Male,14.900294596903288,83.60602799336766,77947.29526988811,Engineer,1
Female,6.64135734552563,59.044806111544375,29788.615316196207,Engineer,0
Male,10.907906395717099,65.90643912492708,53170.88571775169,Senior Engineer,0
Female,8.342965084006616,87.98725018351311,41643.47365528614,Engineer,1
Female,7.146143946323733,62.647989652367535,36478.70951921261,Senior Engineer,0
Male,10.986287230910442,80.8850685543782,55420.572028091825,Engineer,1
Male,10.964071646350819,84.1076584577855,57000.38710786699,Engineer,1
Female,5.05884997308197,70.02287936143505,29513.447413618534,Manager,0
Male,14.841133807175941,67.68798696555075,76168.83961413454,Senior Engineer,0
Male,11.36060290454194,99.94938227453235,59070.94214025579,Manager,1
Male,9.267530094128054,85.41325632270619,38426.53463690788,Manager,1
Female,3.2791946813092974,66.11756946478461,16647.11190237489,Senior Engineer,0
Female,5.30556888578596,69.44079551477788,28925.382168937846,Senior Engineer,0
Male,6.317176554589023,74.788375424397,35230.588745797366,Engineer,0
Female,1.2826787730382971,78.91303686869756,2951.639994022515,Senior Engineer,0
Female,0.5974242027426797,70.04229858994151,-308.07536072982657,Manager,0
Female,5.4942825237095505,76.18886298023153,24600.90924212976,Manager,1
Female,5.152663105568054,86.3835973227094,28445.385027296987,Senior Engineer,1
Female,5.520024993111225,73.81309612264785,32769.53024017716,Manager,0
Male,10.376729360414627,78.97179344216039,49846.346265615124,Engineer,1
Male,9.48078452714839,89.32262950634156,51943.7342038772,Manager,1
Male,10.046737142744403,89.70044187368202,50851.08475954499,Engineer,1
Female,0.19728806457045334,73.88375729230168,365.0114370400853,Manager,0
Female,2.514508925659262,69.05175768719128,11515.623479206464,Engineer,0
Male,14.783515189674917,83.89334631442671,77650.63277138537,Engineer,1
Female,0.07043356653749822,72.43530204186345,1980.0569166228415,Senior Engineer,0
Male,7.025822951631079,93.41983695452127,46508.241896393585,Engineer,1
Male,3.5398296591888556,81.30792799552555,13438.025080957656,Senior Engineer,0
Male,8.083114756931494,55.930117806783585,43006.08229480735,Manager,0
Female,5.69210271715605,62.53076714929833,25814.50853672269,Manager,0
Female,1.219505704482259,79.90166238959289,1751.0935874680763,Manager,0
Male,13.029451268027902,68.68724184539055,65092.92065496465,Engineer,0
Male,7.935548964466829,72.62573361777427,40364.50721936932,Manager,0
Male,16.757307416032926,86.0940847183297,98377.4048554651,Manager,1
Male,12.945296460974783,98.28640828248231,63805.753226457906,Senior Engineer,1
Female,6.673073182175374,70.84168230185696,27714.472263453452,Senior Engineer,0
Female,1.665626129188904,70.12828643543685,9693.184233416448,Manager,0
Male,16.872827717772225,89.55904195170703,73990.93840112929,Manager,1
Male,5.831282599709212,80.40909689781009,28696.62908552473,Engineer,1
Female,8.4204471155638,51.63640216229602,42182.3619892948,Engineer,0
Female,9.74162205970512,65.67226116411611,52681.112213251654,Manager,0
Male,17.319257219017818,67.48171193248281,91464.39734222833,Senior Engineer,0
Male,14.152818455531555,81.10076293440555,68246.2441831192,Manager,1
Male,11.69172736015708,86.58053489920133,57705.566727635734,Engineer,1
Female,4.297940422679056,79.86376505905938,17659.097960341925,Senior Engineer,0
Female,6.399075123339004,62.880267727410775,26355.06284265655,Senior Engineer,0
Female,7.962003549767306,54.57196781757101,41359.491645739705,Engineer,0
Male,10.843574271908128,91.08246191684968,47849.94361655765,Manager,1
Male,10.312603311855629,71.82868080053416,49489.88205641883,Manager,0
Female,5.455273976746221,60.33753680246746,22300.500084234918,Manager,0
Female,2.494571295109931,68.24621544101309,15221.272407000952,Engineer,0
Male,9.157974769399678,77.47564762646965,54797.02434333083,Senior Engineer,1
Female,0.17701691864582436,69.90711438432184,-5622.855320787534,Engineer,0
Female,5.554221736687174,73.06981072686237,18506.01626894802,Manager,0
Male,7.034226678547247,94.75312458477978,34546.698965985895,Engineer,1
Female,5.020399533679993,66.57121138442436,25180.486648188755,Senior Engineer,0
Male,10.539682453460436,94.78422112028035,53791.70880108867,Engineer,1
Male,14.176006859033798,90.22142545933936,68648.43171899728,Manager,1
Male,12.754949818006939,73.96330171469631,62771.55259590753,Senior Engineer,0
Male,5.288498189130469,81.69210775672443,28280.042998355355,Engineer,1
Male,7.031115590288987,77.19800870882537,40357.73241466913,Engineer,1
Male,12.822313563964649,98.3057490403904,54336.32396823182,Senior Engineer,1
Male,7.052537819385071,73.03211353573688,33417.991901768044,Senior Engineer,0
Female,4.200043012296756,62.8395656372416,22069.259031189096,Manager,0
Male,11.650156297073655,93.9295387010877,53660.9009623146,Senior Engineer,1
Male,7.094966635409094,100.0,44130.68133588196,Manager,1
Female,0.20562694434875706,73.95798848709747,-2148.9146793999,Engineer,0
Female,6.386517998245829,72.63550811954785,31726.12655619273,Manager,0
Female,11.072928869860558,82.84095793948117,58144.75483351424,Engineer,1
Male,10.959345802427611,78.82358323066303,51840.30506812858,Senior Engineer,1
Female,5.569118502831187,46.13070129804328,18612.72727513385,Engineer,0
Male,11.321424213881198,66.19989966092237,54463.84843482332,Senior Engineer,0
Male,9.941086603219956,92.12712028861331,54852.63579573498,Engineer,1
Male,11.657469863251443,66.16849791941416,56602.87368233152,Engineer,0
Male,10.671742402193985,81.27680947062078,49126.54050367503,Engineer,1
Female,6.463616854613222,75.71179406219208,36946.44532057972,Engineer,1
Female,10.413044329360229,72.43657223702715,50411.34716668588,Manager,0
Male,8.711783376624242,89.25444864184172,41008.112814870125,Engineer,1
Male,10.366892509096852,87.22289855800854,52581.742993800806,Manager,1
Male,11.629894087109165,97.78865813313394,62003.22148363976,Senior Engineer,1
Female,2.130690869545974,71.1053531747394,22562.0220063926,Senior Engineer,0
Male,10.121775073611648,78.23004861541469,54745.055906345355,Manager,1
Male,7.894024936579734,77.27340554729176,45269.324514840395,Senior Engineer,1
Female,6.06684004635698,41.45373337095609,27804.36923684562,Senior Engineer,0
Female,4.060825908430537,61.43148134872201,15174.789012305308,Engineer,0
Male,15.248730229560818,89.51225319318507,76555.3078958997,Engineer,1
Female,1.2487767980908475,67.43659321627507,6779.733566752218,Engineer,0
Female,6.813545979066101,64.61952241509861,28675.166188507515,Manager,0
Male,7.844778203292408,100.0,38347.41836694197,Manager,1
Female,3.643729001500759,51.406632283399425,20215.23301609945,Senior Engineer,0
Male,9.115150965123917,92.35621997245747,47377.72180070998,Engineer,1
Female,5.797634688956146,75.58336423211705,31509.61271170209,Manager,1
Male,7.979528127268394,68.43376792322226,41352.46428702919,Manager,0
Male,10.836982486671406,79.75551863737348,51649.86913700675,Engineer,1
Male,7.493958840220728,77.64696539318048,34900.29106785942,Manager,1
Female,4.25892289776201,51.96137207437635,15299.857498840669,Engineer,0
Male,6.437204742911462,74.49859260397855,41109.898910482785,Senior Engineer,0
Female,3.0573745830945223,78.447743757817,15354.124738569077,Senior Engineer,0
Male,11.901330642796296,98.70536143996713,58382.387935007224,Senior Engineer,1
Male,11.241397292354495,91.95202900084,51563.02605451018,Engineer,1
Female,3.0518808850357217,56.26597111030251,29937.6939368175,Manager,0
Male,9.610537900799722,75.1212665909925,42686.04934288414,Senior Engineer,1
Male,10.13143441593733,76.53149033874635,48512.932451656285,Senior Engineer,1
Female,3.1987293027838843,74.19705608357266,18072.830695349723,Senior Engineer,0
Male,12.891637350384729,92.79349003905332,67459.25158064502,Manager,1
Male,16.631569004774054,84.60980480622456,87947.50529994868,Manager,1
Male,8.3275246449765,80.8209045423411,50675.665763728815,Engineer,1
Male,5.890591061262766,64.74192126888623,31983.74358361739,Senior Engineer,0
Female,0.0,63.89142360194934,-5280.153999833338,Manager,0
Female,7.6777920148979275,75.04483256383017,37104.23444888073,Engineer,1
Male,7.588976296090808,72.19544428997533,39484.04334302346,Senior Engineer,0
Female,7.192292357199573,58.2054033549222,46302.591993526985,Manager,0
Male,15.033102442229321,95.07443973195198,68176.48481902512,Manager,1
Female,2.1381817418100653,66.52697711042157,16703.791235176464,Engineer,0
Male,11.706949237555826,86.84710474781083,59434.31803551121,Senior Engineer,1
Male,14.885189869385615,94.37915537510655,78615.10202307548,Senior Engineer,1
Male,8.86261677703754,85.12499321907251,43803.11030200804,Manager,1
Male,9.389258919692915,100.0,42734.131447832944,Senior Engineer,1
Male,8.254957258154068,68.31400741121804,45029.150187777,Engineer,0
Male,6.955729807921399,95.5872852988388,38050.8041751351,Manager,1
Female,9.85163772490587,70.25210867540082,54118.47345322796,Manager,0
Male,6.32817919971323,92.71920154836675,31574.372821672976,Engineer,1
Female,2.3036478550306154,71.64294765370569,8519.129158553831,Manager,0
Male,7.690080306824075,77.66843802890003,30656.466559001165,Senior Engineer,1
Female,4.4326388276688995,74.9298645851446,26260.06047904153,Senior Engineer,0
Female,7.764950335773378,69.42482246994537,40944.19909108682,Manager,0
Female,4.6173526388673976,80.75343401956897,18257.850030017195,Engineer,0
Male,12.500586884826774,87.98158465990525,59810.06605765075,Engineer,1
Male,4.018793072285634,91.38660168643102,17760.17130167097,Senior Engineer,0
Female,4.963733156461836,59.083748278408976,17403.74362239709,Engineer,0
Male,13.683006977419875,88.67619840209711,64326.62290407371,Manager,1
Female,6.090895647874904,80.35443416416945,24785.326455342747,Manager,1
Male,15.01771716051311,76.18931663338708,73026.19074312586,Senior Engineer,1
Female,3.73771461895684,84.24495821246947,14995.085603136384,Senior Engineer,0
Female,0.0,69.08293975854875,-8135.024604333744,Senior Engineer,0
Male,9.832692767026883,99.36335405705978,59276.414987981814,Engineer,1
Female,6.310215655200528,79.97632076920245,37813.7819311488,Manager,1
Male,10.228016174237235,85.46002747253274,47244.98376358625,Manager,1
Female,8.707346575466463,77.59514887486108,44898.83986060037,Manager,1
Female,1.7868389610528537,67.08241367741462,11021.520254370744,Senior Engineer,0
Male,10.508082472108233,91.65416823691778,58495.84163440855,Manager,1
Male,5.758856509285059,100.0,24701.257413124902,Engineer,1
Male,9.6663218159539,76.21676922820261,53792.14299968163,Engineer,1
Female,5.958955477756931,50.044682195482615,27055.25086774998,Manager,0
Male,7.7934101722307005,87.31445922525572,32287.738840310438,Senior Engineer,1
Female,4.755431980695063,79.29409984790816,27397.8427000478,Manager,0
Female,6.043029450615009,68.67863411098453,36668.939373687186,Engineer,0
Male,11.82741436272153,76.270389095463,72076.61668126108,Engineer,1
Male,6.723061705982263,93.81407528923572,27616.68220446025,Engineer,1
Female,5.102457252464074,59.20263678724152,29006.884687724312,Manager,0
Female,1.7382621834115923,49.78201360038052,6642.304698090296,Engineer,0
Male,10.425150740919713,98.55442801105495,56042.54725721872,Senior Engineer,1
Male,16.957988619945084,96.70198709196603,77437.49534356917,Manager,1
Male,11.179953518183115,86.34296497247793,49585.918712422754,Manager,1
Male,10.576147349470094,85.79597862376036,49001.36263151805,Engineer,1
Male,9.072650607392497,90.54057771115907,45758.073265302904,Engineer,1
Female,0.0,90.93197932209945,-3205.406332691777,Senior Engineer,0
Female,2.9673060429930347,54.88116580436787,18131.801934532272,Manager,0
Female,8.582328209142117,81.59381043300522,48046.11413700016,Engineer,1
Female,2.056503406580955,79.73101561015072,13280.404739131553,Senior Engineer,0
Male,7.642031618476151,69.3850677755814,46304.0962906851,Engineer,0
Male,6.006301139326666,100.0,32110.63884391005,Manager,1
Male,4.49138388069011,81.6987990603355,16372.435851749713,Engineer,0
Female,4.245383341866513,71.85688580418739,28043.799277024264,Manager,0
Female,3.2074694159250754,85.0913101340455,13011.56590159539,Engineer,0
Male,3.5413282211425514,82.11961126077924,22258.73360414061,Manager,0
Male,11.165735813592892,99.18531345148037,63697.35015073999,Senior Engineer,1
Female,7.936574152345386,65.69690680045358,41966.31081537893,Manager,0
Female,5.255954427695072,55.15943335075665,18798.978072652113,Senior Engineer,0
Male,12.515472323354926,88.38023481101708,57986.30078422567,Manager,1
Male,10.245488075642696,72.92978352142785,57841.162712639154,Senior Engineer,0
Female,6.567542315797272,54.72832143410352,31992.09815077228,Engineer,0
Male,12.757229448963306,100.0,64184.014919527355,Manager,1
Male,9.129176367434045,75.54493120057269,49440.00391798827,Engineer,1
Male,10.80217694221571,73.46649489404041,57492.49902148016,Senior Engineer,0
Female,0.4907590947205458,62.07476552884788,3847.7945355300326,Manager,0
Female,8.155842853168757,65.76401418271823,39735.87240974145,Manager,0
Female,2.0058181180567614,56.343825958098506,8465.748361622022,Engineer,0
Female,3.8480861841429452,60.25878153783631,23529.92504717144,Manager,0
Female,5.750600618755083,77.03427916787308,31520.850749114383,Manager,1
Female,10.987002469351893,56.92630217769036,53648.51234367052,Engineer,0
Female,14.329755668016082,54.021278655051624,77059.3399050461,Manager,0
Male,10.084543472107384,90.32006198821944,49777.54678488801,Engineer,1
Male,9.97264301006739,88.61661061247017,45604.90417866498,Engineer,1
Male,13.257686697494734,100.0,62493.57999295694,Engineer,1
Male,11.424094698639859,84.99686327388225,52226.76931165047,Engineer,1
Male,9.924919123764568,73.181258745792,48262.5455358044,Engineer,0
Male,12.453298897600861,89.49473912832306,68435.11587968527,Senior Engineer,1
Male,14.170622647051939,100.0,66827.63733010714,Senior Engineer,1
Female,6.493229267274183,73.83435031403644,33408.525141461425,Engineer,0
Female,6.997772756163384,65.90691525904279,31705.417052679855,Senior Engineer,0
Male,6.064491302949522,89.16446038101452,29020.911308390423,Senior Engineer,1
Male,6.804659010773882,84.4609515099426,26473.08899394315,Manager,1
Female,3.1482404403592303,81.2790899325357,14638.511056013465,Engineer,0
Male,8.171463393522151,96.21857856230471,39888.79006858595,Senior Engineer,1
Male,9.439086091043663,100.0,49896.87017539679,Manager,1
Female,6.318503691860679,69.80126364631688,32708.923025580243,Manager,0
Male,11.589078263070192,75.95931710264,51953.430690590736,Engineer,1
Female,6.373318598455658,82.20282896417717,37287.584212496,Engineer,1
Male,11.459504931478605,87.5797598122118,58349.039858503005,Manager,1
Female,4.983211943512861,62.37480760853402,25908.027303451734,Engineer,0
Female,7.006224966777538,80.3630289207248,34985.213066961995,Engineer,1
Female,1.724897371582057,64.04465064816141,6035.699621799187,Manager,0
Male,9.567737332835154,79.10728348210694,48927.6983629194,Manager,1
Female,7.086613272697333,86.99435983008709,37811.008543129574,Engineer,1
Male,11.799786189988613,93.34751326324883,50264.452493215285,Senior Engineer,1
Male,14.592252497031092,94.13771621385585,70267.45829842497,Engineer,1
Male,13.65628555509195,69.54270213309266,67006.69292344179,Senior Engineer,0
Male,9.359671387209376,100.0,48079.209964518275,Manager,1
Female,3.928912397580172,71.99423985986768,25611.11701753649,Senior Engineer,0
Female,7.671149490559358,74.73038282160215,34497.04337981288,Manager,0
Male,8.988742086645882,71.57872251514885,42453.9011991402,Engineer,0
Male,8.159792009377181,71.34175844584561,38236.28949365315,Engineer,0
Female,5.149321061542881,75.03252064749505,21738.967357191694,Manager,1
Male,8.835469544376313,90.02784426895194,42441.41524632025,Manager,1
Female,3.019036581579659,66.82649507757465,18949.194007838152,Manager,0
Male,10.481721943149594,92.06078913815132,47139.432238926245,Engineer,1
Male,10.009138060460243,82.57318723187967,52184.762278065726,Engineer,1
Female,6.476056543978398,89.48342644789813,23870.771569800316,Senior Engineer,1
Male,13.571938824359023,97.3000057271915,65053.00413958408,Manager,1
Female,0.0,63.46101611674423,-1647.4465010899303,Senior Engineer,0
Male,5.5453060946502895,100.0,36100.82883782177,Engineer,1
Male,2.338236595294136,82.1561535039349,10317.17145270724,Senior Engineer,0
Male,12.80295973371782,100.0,53008.58130133451,Senior Engineer,1
Female,7.080436735741981,60.59601083515647,25407.739144403655,Engineer,0
Male,9.32570379432195,83.63004510557542,46798.666903343146,Engineer,1
Male,6.489660921821922,79.80603628173873,35517.15888805915,Manager,1
Male,4.594058687259941,81.59092122653921,24847.57272443597,Senior Engineer,0
Male,11.624388184614364,89.28316692375238,58959.79145207677,Engineer,1
Female,0.9021328663983974,53.27106098688426,10321.96231952032,Engineer,0
Female,8.635831956159201,74.04212865277331,40481.203677110345,Senior Engineer,0
Male,2.2268731235652703,83.34368589682367,15608.918397960479,Engineer,0
Female,3.8921685822613905,72.27034478864888,11300.768486174868,Manager,0
Male,11.17541201620764,63.71265905585188,51352.32091634786,Manager,0
Male,5.563265293677613,89.58168114788698,18781.119493728984,Senior Engineer,1
Male,10.550079759337468,75.20278775283194,51376.17229333838,Manager,1
Female,1.9118854754537855,73.07403569719689,9328.121290937213,Engineer,0
Female,0.9419891424693967,61.75387749565239,5280.453173479584,Engineer,0
Female,0.4329224413463262,72.7660076551118,2474.028971167307,Engineer,0
Female,8.338065124969775,81.95480650825479,37052.55897079024,Engineer,1
Female,3.1122098189216336,64.0337094138827,14609.84487254209,Senior Engineer,0
Female,9.601183129749497,90.97939339132431,40518.68230571874,Manager,1
Female,3.392595610843107,64.74369066014616,23779.122929876787,Manager,0
Female,0.0,70.32407013340136,-1518.130364490005,Engineer,0
Female,1.6504266801540224,63.275144039936634,5807.702805551655,Senior Engineer,0
Male,7.345591857919297,86.3106518621585,44672.66093181691,Engineer,1
Female,4.532305466189998,52.57778307364725,16450.294663203844,Engineer,0
Female,3.3551381105281974,64.53958201183279,11147.754982481141,Senior Engineer,0
Female,5.480054677558363,59.07878799651433,21919.17176344899,Senior Engineer,0
Female,6.505348208502635,71.35338347892291,32187.384134015767,Engineer,0
Female,8.352196447707382,79.94447375508908,43919.14038672489,Manager,1
Female,9.34549768967878,76.46006187114551,50425.86578898307,Engineer,1
Female,3.9206940626327427,46.28340639141108,32463.44690063856,Manager,0
Female,1.0218569417538852,90.4206965292788,-6137.877562234393,Manager,0
Female,3.759604516630172,72.95279940620868,21841.70052877294,Senior Engineer,0
Female,5.780841519748659,62.23500859507,26118.55473588214,Senior Engineer,0
Female,2.1087232213681673,71.5712791899094,7611.540362396969,Engineer,0
Male,8.536265775562892,96.90548594343596,39582.46823654507,Manager,1
Male,16.471924639796512,87.12574030632214,77815.7748449427,Manager,1
Female,4.854042945288646,71.97916667342075,32692.83889946049,Engineer,0
Female,5.09839098623476,63.92527712379693,29703.44156624331,Engineer,0
Male,10.897877741219476,79.36052511941757,54605.368598884255,Engineer,1
